{"cameraMode":{"drawMode":0,"name":"Shaded","section":"Shading Mode"},"sceneLighting":false,"audioPlay":false,"sceneViewState":{"m_AlwaysRefresh":false,"showFog":true,"showSkybox":false,"showFlares":true,"showImageEffects":true,"showParticleSystems":true,"showVisualEffectGraphs":true,"m_FxEnabled":true},"in2DMode":false,"pivot":{"x":-0.3022196292877197,"y":0.21422512829303742,"z":0.00918664038181305},"rotation":{"x":0.04364561289548874,"y":0.9451323747634888,"z":-0.141691654920578,"w":0.29112178087234499},"size":1.1410337686538697,"orthographic":true}