{"cameraMode":{"drawMode":0,"name":"Shaded","section":"Shading Mode"},"sceneLighting":false,"audioPlay":false,"sceneViewState":{"m_AlwaysRefresh":false,"showFog":true,"showSkybox":false,"showFlares":true,"showImageEffects":true,"showParticleSystems":true,"showVisualEffectGraphs":true,"m_FxEnabled":true},"in2DMode":false,"pivot":{"x":-4.4736762046813969,"y":0.3397224247455597,"z":5.813368797302246},"rotation":{"x":0.10814536362886429,"y":0.5514637231826782,"z":-0.07237748801708222,"w":0.8239916563034058},"size":0.8864628672599793,"orthographic":true}